SUPPLIER_ID,SUPPLIER_FIRST_NAME,SUPPLIER_MIDDLE_NAME,SUPPLIER_LAST_NAME,SUPPLIER_ADDRESS_ID,SUPPLIER_EMAIL,SUPPLIER_PHONE,SUPPLIER_AGREEMENT
2000165,Garvin,Morten,Byers,2100165,mbyers0@symantec.com,115-177-2196,83095741
2000150,Fredrika,Calv,Donat,2100150,cdonat1@foxnews.com,347-211-2091,59699084
2000791,Parsifal,Lombard,Softley,2100791,lsoftley2@hibu.com,768-700-2714,84810409
2000832,Laurie,Deck,Dreier,2100832,ddreier3@storify.com,932-672-5678,73639140
2000123,Georgetta,North,Muro,2100123,nmuro4@google.es,986-128-9228,15634038
2000897,Creigh,Benjie,Stern,2100897,bstern5@goo.ne.jp,146-112-3839,86358098
2000320,Hank,Robbert,Wilstead,2100320,rwilstead6@skype.com,517-586-0037,58586048
2000224,Sibylla,Waverley,Inston,2100224,winston7@aboutads.info,460-429-4557,4138983
2000063,Faythe,Deane,Elldred,2100063,delldred8@google.com.hk,927-177-2528,888450
2000280,Aurlie,Angelico,Lawrenz,2100280,alawrenz9@disqus.com,928-310-1555,41480408
2000763,Tedman,Bradley,Strafford,2100763,bstrafforda@vinaora.com,850-302-2268,60118565
2000287,Maxim,King,Diment,2100287,kdimentb@goo.ne.jp,748-995-9452,97130214
2000871,Danita,Alberto,Cathie,2100871,acathiec@washingtonpost.com,976-340-5956,1923713
2000968,Lynnea,Jeffie,Kinneally,2100968,jkinneallyd@scribd.com,562-431-8015,30015364
2000205,Fowler,Zed,Garth,2100205,zgarthe@imgur.com,347-869-0377,87297105
2000120,Marilin,Sigismond,Farrington,2100120,sfarringtonf@nps.gov,259-294-6753,95684038
2000659,Benetta,Noby,Drysdell,2100659,ndrysdellg@comcast.net,978-756-9959,89565267
2000455,Marianne,Miller,Branscombe,2100455,mbranscombeh@163.com,941-619-2502,75066808
2000341,Maryanne,Bart,Kedward,2100341,bkedwardi@slate.com,238-215-4208,46648617
2000544,Melody,Selig,Gladtbach,2100544,sgladtbachj@wufoo.com,358-459-5661,91663056
2000057,Hollis,Reginald,Forcade,2100057,rforcadek@youtube.com,493-252-3322,44243082
2000704,Bobbie,Geoffry,Ridout,2100704,gridoutl@oaic.gov.au,386-249-0727,48299327
2000002,Jermaine,Erastus,Vidloc,2100002,evidlocm@imdb.com,924-481-5340,2085630
2000072,Perkin,Langston,Erni,2100072,lernin@networkadvertising.org,121-157-1509,8836183
2000652,Johanna,Wynn,Waycot,2100652,wwaycoto@squarespace.com,306-625-7311,82798459
2000633,Dorothea,Casey,Chilvers,2100633,cchilversp@hud.gov,133-582-7292,24729018
2000154,Nanette,Dunn,Canning,2100154,dcanningq@opensource.org,519-151-2019,48916980
2000248,Marie,Bordy,Murtagh,2100248,bmurtaghr@wisc.edu,538-691-5556,57890402
2000153,Cody,Erick,Ellacott,2100153,eellacotts@google.pl,610-392-1489,93420403
2000079,Shara,Vernor,Jimmison,2100079,vjimmisont@webmd.com,754-300-9724,869675
2000625,Tiphany,Ferd,Ficken,2100625,ffickenu@tinypic.com,557-800-8614,19360077
2000594,Page,Sutherland,Tebbut,2100594,stebbutv@cbsnews.com,891-966-2154,3291547
2000891,Antons,Gal,Halladey,2100891,ghalladeyw@washington.edu,747-670-4025,22360055
2000952,Farlie,Milton,Gratten,2100952,mgrattenx@behance.net,525-540-7070,8782987
2000137,Quent,Leif,Nowlan,2100137,lnowlany@chronoengine.com,981-483-8234,79692410
2000845,Eada,Koenraad,Mitcham,2100845,kmitchamz@archive.org,584-642-9223,43550300
2000326,Rianon,Jamesy,Eggleton,2100326,jeggleton10@tinyurl.com,451-664-9102,7500335
2000520,Clyde,Tan,Paeckmeyer,2100520,tpaeckmeyer11@narod.ru,100-468-8601,93705086
2000192,Lonni,Ennis,Viggars,2100192,eviggars12@harvard.edu,394-834-9784,97060988
2000589,Sindee,Gerardo,Sowten,2100589,gsowten13@macromedia.com,868-569-5847,50119956
2000086,Franklyn,Herrick,Plunkett,2100086,hplunkett14@hc360.com,724-872-8410,72799857
2000833,Ingrim,Linc,Chesnut,2100833,lchesnut15@domainmarket.com,571-798-3766,44853397
2000856,Gabie,Godwin,Anear,2100856,ganear16@ftc.gov,635-461-2798,20308105
2000716,Aurthur,Boyd,Suffe,2100716,bsuffe17@arstechnica.com,832-610-3679,69128668
2000790,Lambert,Chan,Pristnor,2100790,cpristnor18@answers.com,387-882-1453,16548521
2000835,Almira,Andrey,Sterre,2100835,asterre19@time.com,980-156-7004,95894136
2000161,Charlotta,Brandy,Ormes,2100161,bormes1a@about.me,298-680-2747,24767164
2000398,Collete,Jean,Gorman,2100398,jgorman1b@biglobe.ne.jp,689-191-4780,86114555
2000046,Willie,Heindrick,Kembley,2100046,hkembley1c@discovery.com,611-711-9769,69269641
2000188,Dewey,Cletis,Bleddon,2100188,cbleddon1d@blog.com,182-445-8622,13401602
2000379,Mufi,Gilburt,Sheringham,2100379,gsheringham1e@facebook.com,376-175-5860,65578015
