SUPPLIER_ID,SUPPLIER_FIRST_NAME,SUPPLIER_MIDDLE_NAME,SUPPLIER_LAST_NAME,SUPPLIER_ADDRESS_ID,SUPPLIER_EMAIL,SUPPLIER_PHONE,SUPPLIER_AGREEMENT
UYHH2682,Garvin,Morten,Byers,CZ47,mbyers0@symantec.com,115-177-2196,83095741
VAUB4063,Fredrika,Calv,Donat,RQ81,cdonat1@foxnews.com,347-211-2091,59699084
ILOC1367,Parsifal,Lombard,Softley,VT59,lsoftley2@hibu.com,768-700-2714,84810409
HGZJ2546,Laurie,Deck,Dreier,RN41,ddreier3@storify.com,932-672-5678,73639140
VDJV8302,Georgetta,North,Muro,PW06,nmuro4@google.es,986-128-9228,15634038
EARH2016,Creigh,Benjie,Stern,SK05,bstern5@goo.ne.jp,146-112-3839,86358098
BWPR6258,Hank,Robbert,Wilstead,TG70,rwilstead6@skype.com,517-586-0037,58586048
AVNE6370,Sibylla,Waverley,Inston,AR11,winston7@aboutads.info,460-429-4557,4138983
DCVI2331,Faythe,Deane,Elldred,CG23,delldred8@google.com.hk,927-177-2528,888450
ZIRA5054,Aurlie,Angelico,Lawrenz,DP55,alawrenz9@disqus.com,928-310-1555,41480408
SOPN3590,Tedman,Bradley,Strafford,XL89,bstrafforda@vinaora.com,850-302-2268,60118565
EXKH2466,Maxim,King,Diment,ZD21,kdimentb@goo.ne.jp,748-995-9452,97130214
RXRD2089,Danita,Alberto,Cathie,FP42,acathiec@washingtonpost.com,976-340-5956,1923713
AVSC1009,Lynnea,Jeffie,Kinneally,FT67,jkinneallyd@scribd.com,562-431-8015,30015364
NKKG9911,Fowler,Zed,Garth,YK94,zgarthe@imgur.com,347-869-0377,87297105
PBNC3535,Marilin,Sigismond,Farrington,IG12,sfarringtonf@nps.gov,259-294-6753,95684038
BWIK3356,Benetta,Noby,Drysdell,FK26,ndrysdellg@comcast.net,978-756-9959,89565267
IYKE8075,Marianne,Miller,Branscombe,MT48,mbranscombeh@163.com,941-619-2502,75066808
TMYS3774,Maryanne,Bart,Kedward,UT27,bkedwardi@slate.com,238-215-4208,46648617
SXSZ6858,Melody,Selig,Gladtbach,VJ54,sgladtbachj@wufoo.com,358-459-5661,91663056
EARX4357,Hollis,Reginald,Forcade,PY88,rforcadek@youtube.com,493-252-3322,44243082
WZYM3742,Bobbie,Geoffry,Ridout,OS37,gridoutl@oaic.gov.au,386-249-0727,48299327
HXFE7963,Jermaine,Erastus,Vidloc,YN21,evidlocm@imdb.com,924-481-5340,2085630
RDUB5610,Perkin,Langston,Erni,ZO38,lernin@networkadvertising.org,121-157-1509,8836183
PHWG8644,Johanna,Wynn,Waycot,LB68,wwaycoto@squarespace.com,306-625-7311,82798459
YROB3906,Dorothea,Casey,Chilvers,XI84,cchilversp@hud.gov,133-582-7292,24729018
LNZZ5523,Nanette,Dunn,Canning,OR49,dcanningq@opensource.org,519-151-2019,48916980
CPMM1815,Marie,Bordy,Murtagh,PZ16,bmurtaghr@wisc.edu,538-691-5556,57890402
UBCE9233,Cody,Erick,Ellacott,UM76,eellacotts@google.pl,610-392-1489,93420403
QUYD5631,Shara,Vernor,Jimmison,MN59,vjimmisont@webmd.com,754-300-9724,869675
XWZM6905,Tiphany,Ferd,Ficken,RI92,ffickenu@tinypic.com,557-800-8614,19360077
SCFH5900,Page,Sutherland,Tebbut,XM56,stebbutv@cbsnews.com,891-966-2154,3291547
NMOH1484,Antons,Gal,Halladey,VL74,ghalladeyw@washington.edu,747-670-4025,22360055
TIIA5608,Farlie,Milton,Gratten,ME11,mgrattenx@behance.net,525-540-7070,8782987
ALRQ4725,Quent,Leif,Nowlan,HQ46,lnowlany@chronoengine.com,981-483-8234,79692410
JNYM3237,Eada,Koenraad,Mitcham,AL63,kmitchamz@archive.org,584-642-9223,43550300
QQBM6197,Rianon,Jamesy,Eggleton,TG65,jeggleton10@tinyurl.com,451-664-9102,7500335
QNTX4818,Clyde,Tan,Paeckmeyer,PN02,tpaeckmeyer11@narod.ru,100-468-8601,93705086
GZOZ1708,Lonni,Ennis,Viggars,UY67,eviggars12@harvard.edu,394-834-9784,97060988
ZWUL6480,Sindee,Gerardo,Sowten,NN34,gsowten13@macromedia.com,868-569-5847,50119956
ALDJ7727,Franklyn,Herrick,Plunkett,SJ49,hplunkett14@hc360.com,724-872-8410,72799857
EQCT0928,Ingrim,Linc,Chesnut,EC70,lchesnut15@domainmarket.com,571-798-3766,44853397
STFB6119,Gabie,Godwin,Anear,CG17,ganear16@ftc.gov,635-461-2798,20308105
QVLY6526,Aurthur,Boyd,Suffe,LA60,bsuffe17@arstechnica.com,832-610-3679,69128668
QZIR7243,Lambert,Chan,Pristnor,JP34,cpristnor18@answers.com,387-882-1453,16548521
MSGZ9370,Almira,Andrey,Sterre,ZB75,asterre19@time.com,980-156-7004,95894136
DLYZ0769,Charlotta,Brandy,Ormes,LO48,bormes1a@about.me,298-680-2747,24767164
JSOO9771,Collete,Jean,Gorman,BJ58,jgorman1b@biglobe.ne.jp,689-191-4780,86114555
CHXF8110,Willie,Heindrick,Kembley,RQ69,hkembley1c@discovery.com,611-711-9769,69269641
GOWJ3617,Dewey,Cletis,Bleddon,TB93,cbleddon1d@blog.com,182-445-8622,13401602
NYGQ4413,Mufi,Gilburt,Sheringham,HE26,gsheringham1e@facebook.com,376-175-5860,65578015
BDPD5175,Chere,Brig,Michallat,CS81,bmichallat1f@angelfire.com,717-626-9616,64864426
QKDS4067,Delmar,Vassily,Quarry,KR12,vquarry1g@reuters.com,257-482-6590,48487131
MEDS5528,Julius,Gill,Chaize,PF84,gchaize1h@biblegateway.com,777-967-5923,69652771
FMZW1614,Casandra,Liam,Purslow,KJ51,lpurslow1i@cornell.edu,478-163-6079,66146968
UCQE9522,Sonnie,Josiah,Normand,GY91,jnormand1j@shinystat.com,205-424-0371,14991735
KNKH8146,Jacquette,Andras,Betts,KZ75,abetts1k@ask.com,370-369-6960,2378709
XRPT3030,Joli,Alvie,Georges,DW77,ageorges1l@1688.com,776-111-9631,45129106
CSTG4725,Christabella,Roddie,Bibb,HR99,rbibb1m@qq.com,187-258-9959,59910266
WWUT6376,Seward,Ernestus,Juza,AW15,ejuza1n@pinterest.com,646-409-1858,65089556
EZSI3115,Earvin,Lars,Tedder,LI95,ltedder1o@typepad.com,457-884-5228,77924819
NREW6177,Ignazio,Vic,McRannell,CX68,vmcrannell1p@google.fr,258-647-9182,51356225
LXUG2246,Neile,Phillipp,Bleddon,AJ31,pbleddon1q@topsy.com,819-607-8815,23244047
KNLF8120,Melisse,Frederico,Carbett,OZ76,fcarbett1r@cornell.edu,119-346-3117,43983643
AACN3905,Nico,Leif,Searchwell,TR57,lsearchwell1s@privacy.gov.au,943-797-4279,24554648
ZAEI4133,Corrine,Lalo,Cutler,YY70,lcutler1t@zdnet.com,865-302-6995,46260455
ATMA5718,Maible,Carson,Antoney,JS34,cantoney1u@cnn.com,238-578-3989,55995545
RYXF1872,Brenden,Alric,Infantino,AO88,ainfantino1v@woothemes.com,770-108-2344,36444839
AIYS7673,Franny,Millard,Newe,RK11,mnewe1w@bandcamp.com,234-663-5444,11463827
REXF7581,Kenton,Bayard,Graalmans,WD46,bgraalmans1x@zimbio.com,155-569-4960,53813300
GJAM9652,Felicdad,Hayyim,Siverns,PN47,hsiverns1y@vinaora.com,398-309-9407,63414611
LMKH1580,Seward,Nicholas,Sellors,WJ83,nsellors1z@bandcamp.com,624-817-9881,84819179
LAMX3708,Bonni,Isidor,Coode,MJ62,icoode20@nymag.com,302-909-1832,59951821
UWNO9753,Ginger,Obidiah,Clemmow,VZ56,oclemmow21@engadget.com,435-330-4519,94294249
HDWE4666,Pepi,Aylmar,Rennard,QC02,arennard22@hao123.com,581-178-1855,7412915
SSBB6857,Fabiano,Alister,Dunkerton,HW40,adunkerton23@imageshack.us,577-178-5828,30846514
UBKQ5044,Urson,Alonso,Ruprich,YM65,aruprich24@bigcartel.com,313-645-7860,96300548
TFTI2460,Waiter,Flint,Waliszek,HB90,fwaliszek25@gravatar.com,958-901-2068,16154978
RTDY8829,Percy,Duane,Paolazzi,NP90,dpaolazzi26@vk.com,512-808-5683,57690529
BZJG1810,Anatola,Dan,Forder,JU82,dforder27@elegantthemes.com,973-106-4472,51315059
XVCG2434,Anestassia,Mick,O'Driscoll,QC45,modriscoll28@mysql.com,395-994-7191,95418121
HLMA3037,Ossie,Jodi,Delgardillo,QD52,jdelgardillo29@webeden.co.uk,807-324-3918,76679923
GLUX0899,Vallie,Harv,Styche,KF63,hstyche2a@uol.com.br,375-222-8145,5558093
DCBZ8436,Koo,Kingsly,Gentner,YL28,kgentner2b@mail.ru,906-166-1628,49792765
YVML5935,Tad,Francklyn,Gwyther,ZL67,fgwyther2c@livejournal.com,159-522-1878,92876303
ZGGT0625,Silva,Trey,Real,LD10,treal2d@gnu.org,340-974-8991,26955586
DFPE9475,Kippie,Reggie,Harwood,NI02,rharwood2e@squarespace.com,629-714-9415,89633300
YEPN8006,Gwyn,Chariot,Danelut,XN07,cdanelut2f@example.com,718-434-2450,71682623
EEVV5130,Demeter,Mayor,Huggill,QL87,mhuggill2g@dell.com,590-436-0374,91829080
TEZC0709,Norah,Gan,Pittle,MZ83,gpittle2h@odnoklassniki.ru,543-984-7571,92497037
NBZC5791,Valene,Rey,Lockett,GL81,rlockett2i@dot.gov,310-956-3504,8496463
QJBX4022,Ida,Ernie,Huzzey,TJ39,ehuzzey2j@xinhuanet.com,677-732-0084,54073627
VWPI2979,Padraig,Farris,Scotland,WW47,fscotland2k@dailymail.co.uk,173-962-6773,54869744
GNUJ5663,Noel,Casper,Wrigley,NU32,cwrigley2l@jugem.jp,812-189-5610,8215201
THPM3013,Lexine,Bryant,McMurthy,UT87,bmcmurthy2m@dailymotion.com,450-754-5800,42096844
THVI6858,Nigel,Jeffy,Duxbury,MO44,jduxbury2n@blogspot.com,428-102-1287,10083251
DSWK4012,Colman,Warner,Tallquist,UH86,wtallquist2o@huffingtonpost.com,502-275-3980,24032267
GKAB4790,Joycelin,Gregory,Abbie,CC06,gabbie2p@booking.com,842-335-0321,52980286
KRCY9597,Grata,Englebert,Feuell,LP40,efeuell2q@exblog.jp,467-892-7398,23323487
HOGF2885,Shaylah,Richard,Othen,FS52,rothen2r@indiatimes.com,215-501-4815,42964260
UWNS2028,Wynn,Tiebold,Ricards,YD04,tricards2s@mit.edu,718-999-2943,65170993
LYMA1076,Garnet,Hillie,Roston,OS37,hroston2t@elpais.com,488-708-6226,30200894
IBYW2253,Theo,Norbie,Mountcastle,RH35,nmountcastle2u@deliciousdays.com,938-514-6144,41880611
UETH5461,Con,Alvin,Vercruysse,OX01,avercruysse2v@archive.org,511-984-6728,98315769
FGRV6002,Malorie,Reggie,Rittmeyer,RK50,rrittmeyer2w@ustream.tv,279-536-3311,4378697
VBVO1147,Lucila,Evered,Bourbon,GO13,ebourbon2x@jimdo.com,546-279-7446,6877561
XPKX2500,Brear,Yank,Gregori,LO97,ygregori2y@ucoz.ru,908-192-1027,8226453
AQYB1623,Alick,Brandyn,Crucetti,PO73,bcrucetti2z@netlog.com,221-686-5772,44269994
QYXM9187,Baron,Baryram,Ardling,GN80,bardling30@unblog.fr,750-289-5335,57439134
DWNT6681,Ardelis,Melvin,Gravenall,YI81,mgravenall31@google.cn,447-718-0812,52284951
JUIG5052,Sheri,Nevins,Enstone,ZL52,nenstone32@51.la,425-941-9691,62959148
RXTC1540,Marj,Ruby,Duffield,UE67,rduffield33@prlog.org,344-119-4615,84101708
IDVR3759,Lexi,Tarrance,Gaveltone,UJ03,tgaveltone34@fda.gov,254-635-6397,84001736
LEQN8306,Romain,Robin,Flye,OX93,rflye35@meetup.com,594-306-7543,58523310
KVXK8125,Innis,Caryl,Dugall,LS10,cdugall36@ft.com,456-781-4148,81341192
CUJI3007,Schuyler,Roarke,Scotter,IO02,rscotter37@people.com.cn,823-312-1166,42651965
YXPU8711,Leda,Iosep,Pickover,HG37,ipickover38@odnoklassniki.ru,791-337-9061,2327184
IFDS7042,Janetta,Ansell,Redmile,LP18,aredmile39@fda.gov,196-493-7706,86534928
BLJV1888,Gaston,Ricardo,Bulch,GQ57,rbulch3a@ca.gov,640-789-5012,9738167
EBKP5333,Jeralee,Dominique,Pierce,CE40,dpierce3b@desdev.cn,524-124-9388,73035279
UXPJ1561,Grover,Marion,Whightman,DV72,mwhightman3c@hugedomains.com,417-442-2263,59195428
DXAV2035,Hakeem,Thibaut,Josskoviz,EM95,tjosskoviz3d@discuz.net,764-884-0461,35664435
RYCY2371,Dame,Artemis,Coraini,DH55,acoraini3e@odnoklassniki.ru,436-422-4250,9243348
BZZQ2498,Farlee,Vincents,Crossgrove,JG65,vcrossgrove3f@sciencedaily.com,274-272-0963,44289289
JBOA0720,Ritchie,Karlens,Dalla,TU65,kdalla3g@dedecms.com,838-228-6805,21180000
RWNG2807,Rena,Lyman,Philimore,DS43,lphilimore3h@netlog.com,349-727-4774,25947101
TELA6836,Gearalt,Ferdinand,Coggen,WV83,fcoggen3i@hexun.com,576-998-8848,76450478
DQQD0148,Wynne,Gregorio,Tomasik,KN96,gtomasik3j@youtu.be,213-164-6749,12998109
PCJL1135,Erasmus,Gauthier,Andresen,GO82,gandresen3k@latimes.com,734-744-2321,33600135
YUON8855,Corry,Harper,Rignold,CX64,hrignold3l@edublogs.org,126-695-0470,33087263
ANKF4339,Laurianne,Fields,Mitro,ZN10,fmitro3m@goo.gl,976-205-4444,42602768
JVZU9404,Desi,Godard,Thow,ES14,gthow3n@hao123.com,766-182-6327,92513387
OQYF3380,Zora,Kaine,Jakoviljevic,WW87,kjakoviljevic3o@statcounter.com,747-961-7670,80282694
QPOE5721,Hendrik,Elisha,Beebis,FL69,ebeebis3p@tinypic.com,541-765-2109,22715759
TFQN4386,Jordain,Trumann,Paiton,KV07,tpaiton3q@ezinearticles.com,339-543-5025,64405228
JDQA7915,Andriette,Ritchie,Scade,WV36,rscade3r@eventbrite.com,332-203-9225,42226093
PSET2761,Peri,Spenser,Marcus,AF43,smarcus3s@devhub.com,369-901-7672,99925723
UVBN6156,Malorie,Gannon,Behnke,QG59,gbehnke3t@wikipedia.org,249-859-1696,39878435
KERT3080,Rory,Stavro,Canet,VY69,scanet3u@uol.com.br,219-825-1272,12359980
XLRI8799,Torre,Den,Guyan,YJ18,dguyan3v@patch.com,793-780-4727,82776487
QXUI3340,Neile,Garret,Hyndes,VO10,ghyndes3w@bigcartel.com,782-258-6426,83281557
OWRA5910,Nappie,Nikita,Devanny,XW88,ndevanny3x@sina.com.cn,570-655-9896,72619493
TSFU2231,Troy,Tomaso,Paszak,DZ06,tpaszak3y@google.fr,818-764-1038,13760593
JHCQ4423,Delmore,Garald,Novotna,AN42,gnovotna3z@jimdo.com,250-416-8228,64322518
PGUQ1366,Marilyn,Claiborn,Belk,UP90,cbelk40@barnesandnoble.com,202-269-4247,51747783
MBIV9557,Belva,Zacharias,Covotto,YH88,zcovotto41@unicef.org,304-191-8624,17045843
EAOW3393,Drud,Balduin,Ditchburn,HB26,bditchburn42@accuweather.com,921-628-9543,38128368
QHKF0476,Brian,Jase,Ivashev,KJ86,jivashev43@parallels.com,312-225-8647,30385333
SHKF3953,Bryon,Obadias,Braffington,MZ01,obraffington44@blogtalkradio.com,916-724-4620,72233227
BBLL4000,Carmelia,Ruddy,Mossdale,NZ21,rmossdale45@sciencedaily.com,884-597-3062,44204084
PQVG5285,Lotti,Brady,Shucksmith,YQ94,bshucksmith46@163.com,203-375-2614,17168265
OOBH3105,Rudy,Keefe,Krochmann,OO40,kkrochmann47@infoseek.co.jp,469-769-7326,10968485
KBUN8076,Shawnee,Giusto,Treversh,HR28,gtreversh48@miibeian.gov.cn,317-521-1729,11952221
JDLX7004,Christie,Tadio,Merfin,PG61,tmerfin49@uiuc.edu,200-981-6773,72485491
LQSH8689,Frankie,Chick,Loude,WQ18,cloude4a@usgs.gov,782-820-7993,64655955
FHVE8578,Alica,Conn,Cramp,PW35,ccramp4b@timesonline.co.uk,319-541-9483,24290800
BDTV4420,Millie,Romain,Mion,XJ86,rmion4c@techcrunch.com,175-894-2140,69170352
DZWY6114,Maribel,Erroll,Smogur,ZK03,esmogur4d@bluehost.com,982-512-3225,83925189
QEPC1363,Amabel,Mortie,Luckwell,UK96,mluckwell4e@cbslocal.com,517-338-9398,24819942
GWBL3661,Zsa zsa,Bryon,Brecknell,XJ35,bbrecknell4f@etsy.com,877-816-7042,99294933
FJCT6941,Farrand,Lonny,Grindell,QA50,lgrindell4g@loc.gov,677-308-3495,39013463
MMXI4868,Elsy,Dom,Haw,DT76,dhaw4h@hubpages.com,269-443-3251,51787234
EFFL9995,Fran,Cassius,Gunter,GH19,cgunter4i@drupal.org,476-152-0649,65686332
SXXB3400,Peadar,Gerrie,Sisse,HO98,gsisse4j@com.com,717-960-1333,29421716
RCXV7308,Tymothy,Eben,Notton,JK08,enotton4k@ed.gov,373-219-5573,7041444
LPBD2516,Garreth,Griz,Abby,KF54,gabby4l@51.la,147-340-3648,12586718
BWFE9895,Rhodie,Thatch,Beswell,LV31,tbeswell4m@issuu.com,628-589-8153,48428343
KLEH2362,Foster,Virgil,Glasman,EV01,vglasman4n@furl.net,612-873-6185,55047555
FXNL5990,Avie,Parnell,Pfaffel,CC88,ppfaffel4o@studiopress.com,150-153-0374,89770547
ZSWR4426,Hugo,Brantley,Sibthorpe,UJ67,bsibthorpe4p@ebay.com,633-544-9760,94499053
KODL6849,Aime,Hunter,Goracci,QO58,hgoracci4q@yellowbook.com,590-970-8681,92252217
OWDE2930,Gabi,Spencer,Daid,LN14,sdaid4r@e-recht24.de,829-707-7307,72370895
QBVT9100,Susannah,Montague,Figgins,JY04,mfiggins4s@phoca.cz,349-711-4872,45012568
QPQB1997,Fran,Ephraim,Feaveryear,SD71,efeaveryear4t@ucla.edu,924-203-0744,10497536
NVQY3419,Fannie,Forbes,Simic,LR26,fsimic4u@independent.co.uk,423-940-8517,35665654
IAWM8526,Cornelius,Ignazio,Piddick,CY35,ipiddick4v@illinois.edu,309-196-8230,39755959
XQGG3819,Leeann,Lowell,Kabsch,BV76,lkabsch4w@163.com,896-937-7504,1255972
RLAS2583,Rick,Clementius,Rosenstock,EC21,crosenstock4x@pen.io,738-752-1595,95242575
VPLE6863,Ray,Brigg,Longshaw,BX57,blongshaw4y@uiuc.edu,815-536-8275,71774836
ZHAX6623,Rochella,Whitney,Bice,XZ74,wbice4z@usnews.com,528-220-7478,46971387
BFGH8490,Tiertza,Urbanus,Brockwell,DA32,ubrockwell50@friendfeed.com,999-369-4425,80205972
NYGN0506,Tallou,Yorgo,Haydney,GG92,yhaydney51@ucoz.ru,257-739-0691,88823982
GFJB7090,Mallissa,Leicester,Peltzer,IB59,lpeltzer52@blog.com,353-716-0035,83106397
QGSC2059,Benito,Clyve,Lieb,BJ86,clieb53@dell.com,187-563-3577,79793453
IPXA6463,Ber,Michel,Stiles,XF41,mstiles54@aol.com,838-934-5769,61298393
DSKC6385,Maurita,Liam,Denkin,HF50,ldenkin55@independent.co.uk,505-103-5544,80682588
NPHZ5945,Clareta,Andie,Frow,VM36,afrow56@mayoclinic.com,683-832-7488,97517170
FUZA2748,Sella,Husain,Marte,BT07,hmarte57@mit.edu,999-270-1597,42031151
YZRX9367,Gale,Rutger,Boultwood,XJ35,rboultwood58@so-net.ne.jp,373-117-3872,95266316
SUHF6283,Merrick,Mart,Brocking,AW55,mbrocking59@desdev.cn,623-397-4159,17631352
VZBP0432,Margit,Eugen,Shorland,BI56,eshorland5a@slate.com,820-900-7138,39461514
PLKB4778,Homer,Brooke,McAless,OB42,bmcaless5b@usatoday.com,134-372-3346,58420998
UPGA7038,Cindi,Skye,Quelch,WB63,squelch5c@cnbc.com,658-528-2158,96148244
CMGJ6131,Austin,Irving,Cornelius,PS50,icornelius5d@ask.com,950-584-5530,83451698
LMIJ8087,Madlin,Laurence,Sanbrooke,WS23,lsanbrooke5e@e-recht24.de,544-442-3781,37683572
QUSK1209,Tim,Guntar,Looby,NY19,glooby5f@census.gov,478-560-8567,39866258
OUXC8161,Julietta,Edsel,Pennaman,AM71,epennaman5g@goo.ne.jp,180-157-6987,94577515
RHII2480,Clemens,Yorker,Hallt,BO99,yhallt5h@pinterest.com,761-516-7210,26952428
YMZR8066,Sharity,Romain,Radbourne,HK82,rradbourne5i@barnesandnoble.com,871-392-0555,39611474
VUEX8087,Kippie,Ichabod,Knutsen,EX77,iknutsen5j@parallels.com,581-886-1193,83344817
KIBP3250,Cheryl,Kristos,Kochel,FK45,kkochel5k@blog.com,658-680-3866,90074655
YNLG4319,Fabian,Yance,Henkens,CX58,yhenkens5l@ovh.net,339-180-0536,29135192
VHMU9636,Jo,Mitch,Pagden,QB88,mpagden5m@e-recht24.de,426-105-1592,62434442
ZKOK1804,Angelle,Sherwood,Tourner,ZF54,stourner5n@comsenz.com,104-253-6659,25549931
MRFO5346,Mahmud,Jefferson,Holbie,CY26,jholbie5o@jugem.jp,573-549-0047,79149277
SBXE3339,Paulita,Emerson,Bache,ME79,ebache5p@ted.com,709-622-0680,36616749
MEKK1447,Kerrie,Donalt,Canny,VK41,dcanny5q@nifty.com,667-739-6476,22411118
XDQH9116,Ralina,Bat,Lacroutz,LP98,blacroutz5r@disqus.com,785-798-3480,93785567
MNRO7449,Quint,Pedro,Ronisch,CP62,pronisch5s@cdbaby.com,270-294-4461,38049579
YNDQ4902,Antonia,Chrotoem,Grassett,ON97,cgrassett5t@123-reg.co.uk,238-466-6111,15548821
MHNS3497,Myer,Davin,Manilo,BA05,dmanilo5u@printfriendly.com,650-822-5744,31293337
KLVP1381,Silva,Bernard,Dagg,BE68,bdagg5v@csmonitor.com,296-456-2562,53541192
BEEK2376,Gaynor,Nappy,Weall,ME86,nweall5w@com.com,877-620-9629,26928460
FSLP2167,Ole,Rustie,Yakubowicz,MH62,ryakubowicz5x@businessweek.com,417-585-9004,64231570
HTZX2232,Florrie,Giselbert,Poulden,PX98,gpoulden5y@slate.com,975-322-9249,35595321
DQQS4826,Dulcy,Hazlett,Middup,TH72,hmiddup5z@netvibes.com,377-140-8406,59538757
FTGR2571,Eddy,Mayor,Grassot,NG25,mgrassot60@imdb.com,174-248-2258,63761370
QBZG6599,Wilbert,Jarib,Braxay,AL81,jbraxay61@histats.com,384-998-6096,28708325
MTYX9205,Sonnnie,Dew,Lidgely,OP63,dlidgely62@uol.com.br,988-845-3063,90513751
SSZY8483,Claiborn,Justen,Ansty,VJ40,jansty63@wired.com,864-104-1920,72683034
NPYU5900,Chrissy,Roland,Gunter,IL69,rgunter64@smugmug.com,404-785-6791,97501813
IKWP5462,Scot,Stuart,Daborne,EU84,sdaborne65@ucsd.edu,929-156-5277,93292163
QPQH2373,Juliette,Jdavie,Lippatt,BF82,jlippatt66@dot.gov,631-688-0987,28425519
QWWF6437,Karleen,Arlin,Jerdein,KM19,ajerdein67@google.com.au,445-118-9854,16593635
PYBY8322,Frederick,Arvie,Joliffe,RU16,ajoliffe68@loc.gov,462-171-0336,47553005
TWMC7460,Morse,Hugo,De Goey,BP11,hdegoey69@livejournal.com,717-903-5460,89978040
YZAL1129,Ethelda,Brand,Bucke,FK74,bbucke6a@vinaora.com,213-589-4740,11118344
PSBH5532,Marice,Wilfred,Westmoreland,LU72,wwestmoreland6b@newsvine.com,906-520-0666,66600949
IZQX0363,Mel,Guglielmo,Pieters,BR46,gpieters6c@time.com,180-829-0720,6984586
WHRA7188,Claude,Dorie,Basso,CO09,dbasso6d@illinois.edu,144-465-9477,41101441
XPTV5931,Benedick,Vernor,Tonbridge,EQ79,vtonbridge6e@constantcontact.com,689-928-6927,37267454
JWVG7873,Marijn,Donovan,Nutman,HY56,dnutman6f@yahoo.com,836-532-6408,6505019
GBGF2630,Claiborn,Brandy,Bilborough,RT23,bbilborough6g@amazonaws.com,556-702-0887,12552975
RIFY1110,Keane,Bernard,Paolo,II21,bpaolo6h@wired.com,243-929-7696,57551001
RKIM8020,Shandee,Waylen,Vasilkov,ZX50,wvasilkov6i@hatena.ne.jp,162-439-4155,44631488
WEZC1197,Othello,Timmy,Colafate,FP81,tcolafate6j@java.com,178-314-4939,82353848
CLJQ4857,Teresina,Giffer,Rockcliff,NW89,grockcliff6k@mozilla.com,848-225-5504,89073532
YBUI4761,Kelly,Reagan,Wipper,XR58,rwipper6l@miibeian.gov.cn,761-909-7941,14576896
YMCC7902,Heinrick,Carroll,Gaylor,CK49,cgaylor6m@uol.com.br,297-347-6691,1779227
XMDZ8892,Alfreda,Pepe,Dubbin,EG46,pdubbin6n@ebay.com,170-572-6398,86581334
GNZC1169,Lorianna,Rudolf,Croll,OV94,rcroll6o@earthlink.net,746-560-7519,15109447
ZSNH6111,Davin,Ron,Gotcliff,SU08,rgotcliff6p@netvibes.com,938-242-6570,32201524
LTCS7728,Tera,Mattias,Millard,QH42,mmillard6q@paginegialle.it,573-589-1578,89871870
GTSR4134,Andee,Elton,Henrionot,FU28,ehenrionot6r@goo.gl,144-892-0272,90672204
NVMO8163,Jarrod,Zane,Cocks,PN80,zcocks6s@nymag.com,480-304-0928,8916214
QGFJ5618,Ambur,Mickey,Sand,ZP26,msand6t@google.ru,652-783-0079,32344494
HMLJ5846,Silvio,Saunders,Sail,BB91,ssail6u@msn.com,841-131-1867,16856964
ANXN8338,Eliza,Franky,Dowdall,BS57,fdowdall6v@blogspot.com,225-739-4517,47412917
JWCD6251,Martainn,Alard,Bosanko,KS35,abosanko6w@wsj.com,959-823-5582,63075076
RMFC5346,Pincus,Lewie,Standen,QU19,lstanden6x@ow.ly,320-389-7888,13873824
PGZS8309,Noach,Kenon,Alsford,CA93,kalsford6y@businessweek.com,288-408-2894,74166362
XCVT2331,Ondrea,Reilly,Bullick,EV60,rbullick6z@harvard.edu,414-399-8886,18020412
YQQJ5596,Trumann,Arch,Maggs,VY91,amaggs70@cornell.edu,260-886-8784,95835614
EISO2666,Mahmoud,Judon,Oleshunin,UU82,joleshunin71@amazon.com,412-426-3142,63736888
YELN2865,Darnall,Scotti,Houndson,UP35,shoundson72@goo.ne.jp,632-793-5621,72599949
XELQ2660,Hieronymus,Phillip,Haxley,DO84,phaxley73@soup.io,829-433-2909,34311819
RJHT6297,Debra,Filmore,Haugh,YY73,fhaugh74@samsung.com,145-377-8833,45023872
NVSD7762,Amelina,Shellysheldon,Danihel,HC24,sdanihel75@stumbleupon.com,250-326-4254,91781992
UQCR3341,Miguel,Cart,Davidovici,GN82,cdavidovici76@amazonaws.com,888-579-8395,12771083
RKWI5017,Concordia,Alphonso,Dumphy,KC02,adumphy77@hibu.com,423-538-9301,62490433
UHFQ2714,Edi,Ichabod,Gemmell,YE16,igemmell78@twitpic.com,697-576-7266,40968848
UWQG0794,Gussi,Rurik,Burberye,TX68,rburberye79@statcounter.com,304-704-3992,3462454
TAHD7984,Florance,Richardo,Males,CL59,rmales7a@g.co,663-616-8290,82925491
IKVT0316,Beatrix,Kipp,McIsaac,PT23,kmcisaac7b@woothemes.com,697-726-0570,33545957
BASE1088,Buiron,Jere,Jacquest,FX76,jjacquest7c@wordpress.org,624-897-0078,23330608
CSVU6755,Ryan,Dannie,Muff,GO12,dmuff7d@usnews.com,156-945-4815,5461118
ZTRF6732,Jackelyn,Dennis,Croxall,QX82,dcroxall7e@mac.com,288-830-9910,37657915
GPDP4403,Romona,Mayer,Job,BM27,mjob7f@reddit.com,617-838-3907,71123234
JFWM2496,Silvie,Milt,Kirkby,WM49,mkirkby7g@multiply.com,487-109-5220,5909544
GIAT9372,Rogerio,Gordon,Hartropp,IU97,ghartropp7h@wikia.com,233-309-9271,32112930
MQFJ3315,Dayle,Kevon,Silverlock,JS50,ksilverlock7i@squarespace.com,526-416-5188,2219727
PVYE5859,Kylie,Cesaro,Curnokk,EJ75,ccurnokk7j@icq.com,115-890-7427,38736781
JSWJ9670,Sadella,Edwin,Puckett,OQ95,epuckett7k@pagesperso-orange.fr,814-430-0761,32043683
NCRW8776,Gillian,Pippo,Sackler,XO26,psackler7l@dot.gov,533-616-2480,66943083
FSMM6852,Ralina,Bartlet,Bowmaker,PB36,bbowmaker7m@photobucket.com,231-915-1082,76099731
ZQCN0440,Lavinie,Clerc,Lambotin,YJ90,clambotin7n@soup.io,423-610-4935,49825105
YSQB7618,Lorant,Clevie,O'Sharkey,GT75,cosharkey7o@icq.com,102-635-3069,35358016
SGRV9870,Trey,Tammie,Covet,SN65,tcovet7p@cyberchimps.com,381-658-9153,103357
WSMR5905,Nicolai,Emmott,Hugle,BZ33,ehugle7q@washingtonpost.com,138-843-8029,17666461
JFPJ7018,Jacinta,Elvis,Proby,NS44,eproby7r@narod.ru,210-444-2403,67487095
WGUD5071,Ignace,Wildon,Skerrett,NV64,wskerrett7s@webs.com,577-648-4593,99713787
KZYS7087,Klarika,Ezechiel,Ahmad,WK47,eahmad7t@youtube.com,287-993-1284,2640155
RLQJ0755,Hannis,Sterne,Bittany,YU89,sbittany7u@cbsnews.com,581-423-3623,51985245
ZRQN8904,Winne,Penny,Thumnel,MX58,pthumnel7v@chron.com,288-403-6365,89756520
GIBI3057,Ban,Duky,Mostin,VW66,dmostin7w@hubpages.com,589-908-8518,37782269
LFPE1017,Lois,Nathanial,Yakunin,ZL20,nyakunin7x@github.com,461-145-2654,6617148
QKUA2847,Francesca,Ozzie,Potzold,MM72,opotzold7y@loc.gov,326-320-5323,91553297
OETK5594,Winifield,Tracey,Rowsel,PU92,trowsel7z@cdbaby.com,477-291-9545,99634659
HRQE8783,Juline,Alvis,Domoney,JO66,adomoney80@myspace.com,276-710-5238,17501695
OKEU2303,Lorianna,Julie,Hamflett,FV09,jhamflett81@goodreads.com,317-171-4386,77203666
SFIA4928,Marlie,Pietro,Hathway,LC53,phathway82@topsy.com,422-977-4214,69626451
AJUI7987,Katee,Johannes,Domican,OG94,jdomican83@digg.com,710-975-4841,31296211
AHHT5352,Sonya,Freedman,Hinrich,FV20,fhinrich84@istockphoto.com,719-758-1428,34819718
UPBX5343,Robbert,Douglas,Eckh,MQ77,deckh85@stanford.edu,579-624-5210,10983423
VFOC4125,Aldric,Douglass,Pedron,KU90,dpedron86@rakuten.co.jp,426-268-2999,69238725
JWEW5896,Lucias,Hort,Keirl,HR73,hkeirl87@toplist.cz,470-138-4969,58971052
RIFY9254,Elli,Gard,Suermeiers,LI10,gsuermeiers88@merriam-webster.com,251-530-5989,53933872
MJNY5846,Ame,Price,Naile,CR12,pnaile89@instagram.com,472-531-4871,36428735
QCRK6866,Boigie,Stanfield,Rengger,CJ05,srengger8a@artisteer.com,485-110-3319,29526666
QNNC4711,Alys,Alonso,Bratty,RK53,abratty8b@mail.ru,300-169-3626,55181552
FUGK1534,Otto,Armand,Groven,DE32,agroven8c@walmart.com,720-787-4180,77303518
DOFC2844,Padraic,Kerk,Fawcett,PB97,kfawcett8d@bigcartel.com,626-425-7160,42873839
BLBU8207,Carey,Ezequiel,Riche,HV10,eriche8e@jigsy.com,501-909-9311,52422600
UXQY5480,Mischa,Codi,le Keux,LY02,clekeux8f@nytimes.com,746-349-0288,72887661
LIQR5512,Shay,Edgardo,Iczokvitz,PP53,eiczokvitz8g@nyu.edu,241-762-0818,23243113
VLPF8410,Adamo,Whitaker,Johnson,WD17,wjohnson8h@phpbb.com,767-600-9564,28884666
HLJR8077,Jacklin,Neddy,Mc Carroll,RD08,nmccarroll8i@histats.com,382-431-6470,22306191
HRKE4599,Roland,Gonzales,Ketts,PO34,gketts8j@google.co.jp,640-688-9481,91788448
JTSM6730,Antons,Ives,Ferenczi,TQ78,iferenczi8k@hatena.ne.jp,923-861-1439,94088192
EQQV2204,Huey,Mandel,Burchfield,QF83,mburchfield8l@vistaprint.com,111-846-9049,95189437
RURR3409,Alanson,Brennen,Solland,DJ10,bsolland8m@pagesperso-orange.fr,444-613-9991,73468640
LFWZ8426,Robbin,Lindsey,Scathard,GU20,lscathard8n@dot.gov,687-167-1985,59376378
IXFA2186,Pamela,Alphonse,Bernt,QU01,abernt8o@ow.ly,243-753-2371,63289442
KEGV5780,Kristien,Bogey,Powelee,WM80,bpowelee8p@dyndns.org,381-113-3671,18272924
WCTO2466,Carola,Allyn,Ramshay,MA01,aramshay8q@disqus.com,951-564-8034,74906471
OCFL8063,Aleda,Constantino,Stansby,IK12,cstansby8r@1und1.de,236-636-0868,10310517
JUOG0541,Teddi,Egor,Winch,KR72,ewinch8s@si.edu,739-742-8892,12943137
YEJM4433,Octavia,Bartolemo,Stockwell,VJ14,bstockwell8t@bing.com,399-637-5847,32695300
FXBS1622,Eal,Simon,Caddell,XK49,scaddell8u@google.it,503-428-4391,49658977
RGHC4522,Thomasa,Hewe,Hintzer,MX77,hhintzer8v@macromedia.com,585-162-4589,13750588
AWCR0564,Spense,Kaleb,Cowles,LM86,kcowles8w@google.ca,208-731-8920,48499289
HVTM1613,Isidor,Clement,Hardy,HK07,chardy8x@github.io,296-798-2188,72345127
SHPJ1079,Titos,Krisha,Merrilees,BZ07,kmerrilees8y@ocn.ne.jp,834-769-6462,17970513
GZGO9116,Stanley,Giacomo,Circuitt,VI06,gcircuitt8z@opensource.org,574-307-1635,12913059
NLPF5194,Casie,Jessee,O' Faherty,TN14,jofaherty90@vimeo.com,429-700-0146,98805786
ULHD3039,Jorey,Chrisse,Daftor,TY85,cdaftor91@ox.ac.uk,352-285-8430,68197515
CJRG1311,Agnella,Rickie,Mellenby,VJ29,rmellenby92@deviantart.com,793-445-1001,99334628
BTGF5756,Mikol,Kerk,Pietzker,KR13,kpietzker93@admin.ch,650-918-5895,7149071
BDSK0980,Kristo,Clim,Porcas,OL91,cporcas94@epa.gov,244-152-1881,71690509
DVFM6768,Courtnay,Efrem,Birkenhead,TG95,ebirkenhead95@earthlink.net,121-423-3146,78857296
KWWH1487,Thurston,Asa,Veschi,FG85,aveschi96@cnet.com,466-564-8005,22140561
ESEF8732,Bunny,Edvard,Webborn,KW83,ewebborn97@mlb.com,518-886-7764,20380836
XQYF9385,Melita,Sidnee,Duer,OE56,sduer98@cafepress.com,502-828-3764,94195844
QOTO6094,Griffie,Raffarty,Reape,XA74,rreape99@webnode.com,136-746-5870,74029399
NYYM6707,Wilden,Valentine,De la croix,UJ97,vdelacroix9a@fda.gov,529-938-5793,96380243
PYGI8064,Glendon,Sanford,Dullard,YY28,sdullard9b@opera.com,835-164-8354,81447605
EAPD5830,Trude,Clemente,Lamberti,KP07,clamberti9c@chronoengine.com,556-785-8626,4035418
FHGV6940,Malissa,Boonie,Ousbie,JW42,bousbie9d@miibeian.gov.cn,198-535-4367,29976401
QDUY6409,Lethia,Ric,Skerme,IM65,rskerme9e@unicef.org,110-689-5785,75146497
ZJMG4700,Barbe,Abdul,Cristoforetti,NI83,acristoforetti9f@oaic.gov.au,882-477-1280,19079652
JZTH7133,Jaquenetta,Hendrik,Girardin,NU51,hgirardin9g@cornell.edu,350-230-5715,23269518
VYSV5854,Gavin,Wolf,Ciccarello,RE53,wciccarello9h@rakuten.co.jp,448-631-7414,17292468
MVLW6180,Anet,Marlowe,Lugsdin,SH27,mlugsdin9i@soundcloud.com,320-868-6217,17527625
CLIN0522,Mikol,Berne,Maidstone,QQ85,bmaidstone9j@biglobe.ne.jp,892-865-4447,23646707
ILTL3589,Merle,Bar,MacAdie,WO85,bmacadie9k@tripod.com,966-774-2541,83800193
MBVY8066,Idette,Reginald,Francie,QN53,rfrancie9l@diigo.com,612-534-8384,5979798
UGGS0160,Nevil,Laurie,St. Quintin,ZV34,lstquintin9m@fotki.com,216-352-2787,3736196
JWJD0568,Damita,Antonino,Tesseyman,YG19,atesseyman9n@skype.com,948-120-7531,3031411
OVCF6922,Marsiella,Hinze,Petow,KD22,hpetow9o@ihg.com,930-200-9153,6500819
WIIB4568,Beulah,Merwyn,Worral,GW00,mworral9p@vk.com,702-490-0687,68314358
IQOG9341,Ernesto,Addie,Carbert,OU53,acarbert9q@google.co.jp,111-930-5892,49670957
GFPC3048,Manon,Taddeo,Yesichev,ZG06,tyesichev9r@cnbc.com,494-434-6360,46308461
QKZV6343,Karilynn,Beniamino,Withey,JR54,bwithey9s@macromedia.com,418-267-2322,10809415
TXCV9530,Shara,Cozmo,Hedylstone,HN38,chedylstone9t@huffingtonpost.com,593-222-4655,40269314
HXCI8139,Arlyn,Levy,Farfalameev,RG47,lfarfalameev9u@deliciousdays.com,177-485-8023,9743756
HQGB2838,Jeniece,Morley,Gellier,OU92,mgellier9v@state.tx.us,121-826-3807,74768393
GBJP7937,Rozanna,Dill,Girardy,HD92,dgirardy9w@yelp.com,565-646-0944,72407570
ETPR1946,Donna,Alexis,Roostan,EM34,aroostan9x@tiny.cc,123-421-6974,16659206
MXWG8690,Ailis,Bentlee,Pillans,TT21,bpillans9y@timesonline.co.uk,241-889-9368,24503698
NPTE9907,Berta,Sebastien,Droogan,DC64,sdroogan9z@dyndns.org,576-686-4102,24954646
WDNV2603,Gael,Barret,Northcliffe,IK23,bnorthcliffea0@ask.com,685-492-0979,926502
XAVC7467,Elvira,Philip,Laverack,CX50,plaveracka1@wiley.com,793-767-8227,829040
QRAT9775,Jim,Markus,Wondraschek,JE86,mwondrascheka2@ftc.gov,617-528-8869,97718159
KDKW8154,Beverlie,Harlan,Houlison,NC00,hhoulisona3@histats.com,852-811-4663,75514701
ACCA0655,Tedmund,Krispin,Chesney,ZK30,kchesneya4@yolasite.com,879-553-7225,56489957
LAVD4853,Griswold,Whitaker,Batey,PQ00,wbateya5@posterous.com,815-245-9299,97170631
WSNW6338,Caye,Elmo,Cromwell,OD20,ecromwella6@nih.gov,979-286-7173,93556648
WOLN0847,Delilah,Cecil,Aleshintsev,KD10,caleshintseva7@over-blog.com,683-251-2252,2133030
GCDI7105,Glyn,Gerardo,Gairdner,WO54,ggairdnera8@vkontakte.ru,941-979-6288,34689323
LIMG9108,Susanne,Brendon,Sieur,EI07,bsieura9@howstuffworks.com,565-359-8851,4681424
PHBG6334,Hoyt,Billie,Boog,VH95,bboogaa@berkeley.edu,917-788-3030,32030166
MMYW6655,Reynold,Giuseppe,Kuzemka,SN15,gkuzemkaab@cyberchimps.com,655-541-7977,88940438
RBRX8608,Barton,Page,Kimm,VF63,pkimmac@webs.com,975-307-2503,62068758
KAHO8143,Chloe,Davey,Carle,PT33,dcarlead@mapquest.com,630-669-6883,13325139
TKDP6628,Sharleen,Pierre,Tight,RB73,ptightae@house.gov,909-782-8173,98649035
AYCF4725,Adey,Reynard,Apfler,PP92,rapfleraf@state.gov,109-753-5078,98583471
LUQV7581,Thadeus,Royce,Cockaday,LD86,rcockadayag@bloglovin.com,504-582-2153,41759045
HSIU7566,Lynda,Derrik,Ert,HP19,dertah@etsy.com,976-262-3006,6149863
LDBZ0544,Horatius,Taber,Cronin,KK73,tcroninai@un.org,611-310-1277,16827191
EWQO8499,Wanda,Marshall,Beed,UK67,mbeedaj@dot.gov,254-819-5540,77580147
YASL7364,Huntley,Zebedee,Tilston,BH58,ztilstonak@google.it,491-398-9083,64023789
WSNR8302,Doyle,Bartolemo,Tregaskis,WF78,btregaskisal@homestead.com,323-994-4325,17928298
HFEK0675,Jud,Damian,Stickens,AW67,dstickensam@amazon.co.jp,866-557-1643,44694476
NBCZ2695,Tibold,Franky,Clewlowe,FA33,fclewlowean@deliciousdays.com,761-216-3149,14078377
AAZW9568,Lilllie,Emmet,Measham,SM01,emeashamao@amazon.de,637-762-1587,73636684
BEFC7024,Carmen,Sonny,Bickardike,PE93,sbickardikeap@sbwire.com,777-740-0402,32185371
UTUW0829,Rutherford,Dew,Guinn,EL97,dguinnaq@japanpost.jp,501-519-9470,29825512
ZNJU4982,Latashia,Bertie,Gouly,NK99,bgoulyar@topsy.com,770-878-2558,27924806
WEDJ6899,Baldwin,Kyle,Sedger,JI90,ksedgeras@jugem.jp,526-819-7893,49607587
NFNQ6918,Ketti,Ange,Silly,IC17,asillyat@hibu.com,501-925-0288,16110836
KTDN0525,Roi,Reinald,Konig,RA62,rkonigau@ucoz.ru,218-200-2332,71259633
HMUM2043,Gibbie,Merell,Junkison,PV40,mjunkisonav@tinypic.com,627-124-3082,26417942
YZZV2570,Katherina,Knox,Thickpenny,PP08,kthickpennyaw@twitpic.com,847-223-2316,52511507
AVGN4848,Elsbeth,Syman,Cartman,DL84,scartmanax@surveymonkey.com,450-500-4396,78276169
IRZC9418,Englebert,Justin,Smalridge,YT48,jsmalridgeay@netlog.com,771-185-1376,53026654
UMFZ2143,Phyllis,Edwin,Sulter,VK57,esulteraz@livejournal.com,940-753-3407,33586526
LMUD4098,Boigie,Mendel,Liebrecht,HE47,mliebrechtb0@unc.edu,420-147-7459,14063890
KBVZ9398,Virginie,Lammond,Astlet,AU80,lastletb1@npr.org,888-675-9871,36031636
TEOG9164,Vilhelmina,Ari,Trusler,VC86,atruslerb2@edublogs.org,548-680-8236,33814934
GVXP6949,Tymothy,Georgy,Jackman,IR93,gjackmanb3@mac.com,636-747-1063,42894984
CQGS5285,Kayne,Renard,Giorio,RG62,rgioriob4@issuu.com,707-386-1428,82945410
YRBI8146,Olivia,Packston,Pitrollo,VB66,ppitrollob5@desdev.cn,630-950-1566,23928414
UQNX4006,Anson,Benton,Menendes,EH64,bmenendesb6@liveinternet.ru,453-509-0624,51905577
JJCQ1381,Lorin,Tucker,Chappelle,TK64,tchappelleb7@amazon.de,624-293-9482,61748831
LKZS9799,Thurstan,Kingston,Menichini,OC52,kmenichinib8@cnn.com,314-791-9064,60814841
LLBQ6919,Clemmie,Anatollo,Antonich,FC84,aantonichb9@statcounter.com,184-823-7704,54970820
JDUH5608,Blaine,Humfrey,Count,YM18,hcountba@xrea.com,287-998-0396,60216305
ENJR3088,Valera,Andros,Baleine,UN58,abaleinebb@washingtonpost.com,330-352-1642,21653347
OLBV0666,Pablo,Wallie,Phillott,FZ67,wphillottbc@newsvine.com,197-460-7666,75293002
NJHK0804,Kaila,Wilburt,Ipgrave,AZ44,wipgravebd@over-blog.com,937-821-6412,57511601
ZQEV2955,Brigitte,Harold,Genny,QY76,hgennybe@odnoklassniki.ru,923-601-9587,30254460
ZMYC8127,Randie,Gaylor,Bradane,DA72,gbradanebf@skype.com,501-747-0374,7027127
RYQQ8121,Sophronia,Ewan,Bridgnell,TX15,ebridgnellbg@usgs.gov,315-995-4874,80874348
UMMQ6185,Ardra,Kingsly,Winterborne,YO95,kwinterbornebh@ox.ac.uk,656-343-8779,87618099
DQCI5582,Meg,Hurley,Balls,WP46,hballsbi@paginegialle.it,312-130-7621,9165240
WNDL1920,Fons,Mickie,Dyneley,LF56,mdyneleybj@spiegel.de,690-920-5204,73213099
SXGH0946,Ninette,Glyn,Lambertini,BG37,glambertinibk@shinystat.com,356-143-0308,64279617
FTNY4859,Phyllis,Leon,Larrie,LC37,llarriebl@princeton.edu,975-870-7798,2256814
RGDK7685,Karlis,Carlyle,O'Driscole,NB70,codriscolebm@who.int,787-105-8605,70822039
AFZI8313,Editha,Merrel,Bavister,FQ65,mbavisterbn@blogspot.com,324-676-3715,76571674
UCLB9935,Thorpe,Selig,Pietzke,GU32,spietzkebo@de.vu,689-919-9477,76679704
ZKMO6397,Shayla,Mayer,Swannack,DG93,mswannackbp@samsung.com,428-707-7601,67461323
OELP8457,Vevay,Rikki,Eton,NK86,retonbq@oracle.com,495-276-7912,90982629
LQED6353,Haley,Lemuel,Ripper,EK76,lripperbr@drupal.org,951-780-2005,56974470
LLKV1143,Cordell,Cris,Gennrich,BI20,cgennrichbs@paypal.com,834-467-4923,75989702
OTVR0323,Hilarius,Herb,Blabber,VA95,hblabberbt@deviantart.com,577-352-9408,34836972
DYGD3190,Lizabeth,Rolf,Deppen,AT70,rdeppenbu@mediafire.com,174-651-8637,81514834
UOAG3211,Phelia,Forester,Cowwell,AA89,fcowwellbv@upenn.edu,308-910-9104,343606
ODZQ9273,Wilbur,Bevin,Sedger,CJ81,bsedgerbw@google.ca,364-520-3147,22276908
SGIO5738,Devon,Chen,O'Fielly,TF75,cofiellybx@marketwatch.com,655-812-4295,32058870
TLQH1333,Bliss,Trev,Bassilashvili,QK54,tbassilashviliby@wikipedia.org,410-532-5918,77674932
FJNJ1998,Friederike,Sigismond,Abadam,SR06,sabadambz@dailymotion.com,467-298-9835,22636370
QPSS7511,Shepard,Barbabas,Morfell,KR13,bmorfellc0@eepurl.com,182-432-9995,23364101
ZMUL0058,Jerry,Christoffer,MacNalley,NR76,cmacnalleyc1@reference.com,289-142-6373,9210864
FAXU0349,Albertine,Wilden,Clementson,AX96,wclementsonc2@sphinn.com,303-227-9928,5539451
RENC9696,Elihu,Byrann,Diamond,CA81,bdiamondc3@prnewswire.com,744-597-1703,11309939
OFSN3382,Zackariah,Giraldo,Shutt,OT69,gshuttc4@posterous.com,341-678-8519,57634814
HERC0702,Malinda,Moishe,McCleary,ZZ40,mmcclearyc5@spotify.com,615-265-5043,63817085
JPBP4111,Nichole,Curran,Dorgon,HC23,cdorgonc6@vk.com,238-503-5830,44748093
UEGO5154,Kasper,Reggie,Grayshan,YE07,rgrayshanc7@pen.io,240-428-3562,68546051
FBFX0054,Stormy,Thomas,Blencoe,SE54,tblencoec8@nytimes.com,681-656-1770,83772702
WIXM8002,Linc,Wilmer,Marrow,YX09,wmarrowc9@home.pl,815-880-3636,23405227
UBHI3015,Cleavland,Clarence,Sherwyn,GP95,csherwynca@yandex.ru,262-760-3499,86873286
GAGU5203,Shellysheldon,Ricoriki,Retter,TX60,rrettercb@smugmug.com,554-533-2978,97348699
BBNQ5386,Thane,Guthrie,Dawney,ZJ09,gdawneycc@java.com,841-516-3733,91062099
TXWH0564,Gottfried,Yuri,Taylder,VS62,ytayldercd@weebly.com,715-251-3440,71890171
ITGC4935,Chad,Shellysheldon,Isles,SW95,sislesce@t-online.de,306-809-7521,4538667
PSYB0239,Leif,Trumann,Huxton,GQ73,thuxtoncf@photobucket.com,520-952-9546,6255010
XANB5749,Conny,Tyson,Geering,GD65,tgeeringcg@sciencedirect.com,305-425-1969,814078
SFXS7435,Athene,Orran,Khoter,HM66,okhoterch@smh.com.au,720-122-9853,8075826
XACS5133,Hollyanne,Aguistin,Plaskett,DE79,aplaskettci@cbslocal.com,904-708-1370,19679777
SWXU1162,Jodee,Isaak,Hyndson,HP96,ihyndsoncj@quantcast.com,300-394-0836,98024455
NVDO6491,Micki,Tobit,Billitteri,AX37,tbillitterick@addtoany.com,165-448-7436,6009502
ECHC4521,Teressa,Royal,Garrity,KI47,rgarritycl@t.co,454-834-3766,75791514
UXFK1174,Gery,Kipper,Webby,KD57,kwebbycm@google.it,501-277-6234,26733476
QUJE4108,Killian,Gabby,Kubec,GS74,gkubeccn@wikispaces.com,438-433-0636,73106602
ZESN1252,Wernher,Errol,Bunyard,PO68,ebunyardco@paginegialle.it,680-596-8757,25768208
EBTG3441,Irene,Darren,Glasgow,WF68,dglasgowcp@arizona.edu,492-349-5072,31989243
IPVQ6495,Alaster,Tanner,Phettis,BP51,tphettiscq@apache.org,671-611-1721,60249812
KHLD9309,Naoma,Kingsley,Semor,OD47,ksemorcr@wired.com,621-763-8154,93625026
KRJW4551,Aila,Trenton,Testin,FZ34,ttestincs@netlog.com,701-759-4243,15648039
SEKU1901,Roger,Alick,Orae,BF82,aoraect@thetimes.co.uk,961-530-4890,26689126
LOAZ5596,Almire,Walton,Crone,BW19,wcronecu@biglobe.ne.jp,409-223-1550,15117834
AELZ2986,Berk,Norby,Gittens,JA13,ngittenscv@phoca.cz,131-641-9415,90720267
QCLK4778,Loleta,Bear,Wainwright,MU13,bwainwrightcw@paginegialle.it,388-985-4282,99425102
WANC2173,Malvina,Wheeler,Jameson,LU35,wjamesoncx@examiner.com,291-929-7551,16714227
JWCM2360,Robb,Sven,Avrashin,RI04,savrashincy@wufoo.com,256-815-1685,68105697
UIRX1301,Myrah,Jervis,Benam,OB25,jbenamcz@cnbc.com,847-866-8708,89471267
PWYH7479,Sibella,Nolly,Reach,KD38,nreachd0@mail.ru,718-114-9318,71740484
FPIE7126,Corrie,Rorke,Bish,EB47,rbishd1@miibeian.gov.cn,691-965-3275,55348551
OMRF1444,Carolin,Preston,Andresser,XV82,pandresserd2@huffingtonpost.com,881-214-9394,79444853
XFRZ2720,Wini,Meyer,MacKeeg,AF56,mmackeegd3@instagram.com,367-914-1035,4266104
CWEJ0593,Amie,Georgy,Dilke,QF48,gdilked4@hhs.gov,541-238-7468,952055
DHKW6950,Moses,Falkner,Clifton,CS15,fcliftond5@state.gov,324-953-5402,39617040
SYMB3737,Xenos,Broderic,McGillacoell,QW89,bmcgillacoelld6@economist.com,228-323-3366,39016894
PENU6340,Maire,Wynn,Morse,UF09,wmorsed7@facebook.com,501-785-6351,38124725
RVXT3169,Merry,Ase,Hrynczyk,VM77,ahrynczykd8@cnet.com,628-170-2378,72184465
RDJS8970,Jakie,Alvan,Moggan,AM31,amoggand9@exblog.jp,272-297-1312,97154271
FEYA0216,Scarlett,Paul,Jewise,LO22,pjewiseda@wikia.com,458-576-5903,37707911
NZFH7122,Adrian,Rodge,Amorine,KL18,ramorinedb@wsj.com,681-269-8009,40739371
UQMH4869,Stacia,Patton,Wegenen,OT28,pwegenendc@quantcast.com,327-853-7289,41864055
ZUUQ3489,Noe,Hercule,Zanicchi,ME42,hzanicchidd@newsvine.com,938-724-4944,21694058
HXQG4283,Paulina,Ebeneser,Culvey,QE75,eculveyde@dagondesign.com,347-601-9752,21711637
FLSU5422,Selig,Teador,Jandac,DG62,tjandacdf@mail.ru,843-463-8656,7611059
WBLE9482,Cirilo,Wilton,Janiak,MS32,wjaniakdg@yahoo.com,778-736-2754,76115779
JPCM0688,Thorsten,Packston,Limeburner,TX27,plimeburnerdh@yelp.com,331-379-4794,78933334
IUQX0008,Tommy,Elwin,Chinnock,PO22,echinnockdi@webs.com,161-853-4106,17763091
MVCV2572,Rossy,Terrell,Downer,WP11,tdownerdj@census.gov,577-621-1608,67076134
ZEFK8802,Lanette,Lothaire,Sall,IJ17,lsalldk@people.com.cn,605-593-2088,68209559
QZWZ3595,Kathryn,Lind,Thireau,WZ44,lthireaudl@altervista.org,733-241-7843,590126
DNNM7297,Keriann,Derrik,Gough,PH10,dgoughdm@ihg.com,512-426-6593,94082718
ZEPP9882,Ardenia,Hewett,Choules,TY63,hchoulesdn@whitehouse.gov,197-839-7007,85749364
BVHB8608,Arielle,Flynn,Merriton,PK15,fmerritondo@nba.com,678-464-8880,57201103
CQGJ0452,Ansell,Shannon,Mearing,QM60,smearingdp@google.de,328-823-0623,89016476
UAJS9480,Michele,Ryon,Shrubb,JI15,rshrubbdq@bravesites.com,687-645-2301,83857379
RYNQ9049,Bree,Thaddus,Aberdalgy,BD43,taberdalgydr@yolasite.com,184-807-6190,25034685
TIYF4225,Lionel,Morton,Bearne,OJ70,mbearneds@utexas.edu,812-735-4455,7246506
ZLTH3986,Bourke,Guss,Heskins,ER62,gheskinsdt@wikispaces.com,597-375-9208,96516273
DKDC9049,Kinny,Rolph,Klimus,AF82,rklimusdu@angelfire.com,770-731-0002,96789359
URIN3817,Taite,Giselbert,McDool,FI27,gmcdooldv@sourceforge.net,205-112-7806,25288944
